{
  "accuracy": 0.3223062381852552,
  "report": {
    "0": {
      "precision": 0.3223062381852552,
      "recall": 1.0,
      "f1-score": 0.4874910650464618,
      "support": 682.0
    },
    "1": {
      "precision": 0.0,
      "recall": 0.0,
      "f1-score": 0.0,
      "support": 580.0
    },
    "2": {
      "precision": 0.0,
      "recall": 0.0,
      "f1-score": 0.0,
      "support": 854.0
    },
    "accuracy": 0.3223062381852552,
    "macro avg": {
      "precision": 0.1074354127284184,
      "recall": 0.3333333333333333,
      "f1-score": 0.16249702168215394,
      "support": 2116.0
    },
    "weighted avg": {
      "precision": 0.10388131117313047,
      "recall": 0.3223062381852552,
      "f1-score": 0.15712141132404867,
      "support": 2116.0
    }
  },
  "confusion_matrix": [
    [
      682,
      0,
      0
    ],
    [
      580,
      0,
      0
    ],
    [
      854,
      0,
      0
    ]
  ]
}