{
  "accuracy": 0.2936986301369863,
  "report": {
    "0": {
      "precision": 0.2936986301369863,
      "recall": 1.0,
      "f1-score": 0.45404489623041083,
      "support": 536.0
    },
    "1": {
      "precision": 0.0,
      "recall": 0.0,
      "f1-score": 0.0,
      "support": 540.0
    },
    "2": {
      "precision": 0.0,
      "recall": 0.0,
      "f1-score": 0.0,
      "support": 749.0
    },
    "accuracy": 0.2936986301369863,
    "macro avg": {
      "precision": 0.09789954337899544,
      "recall": 0.3333333333333333,
      "f1-score": 0.15134829874347028,
      "support": 1825.0
    },
    "weighted avg": {
      "precision": 0.08625888534434228,
      "recall": 0.2936986301369863,
      "f1-score": 0.13335236404356174,
      "support": 1825.0
    }
  },
  "confusion_matrix": [
    [
      536,
      0,
      0
    ],
    [
      540,
      0,
      0
    ],
    [
      749,
      0,
      0
    ]
  ]
}