{
  "accuracy": 0.3524384112619407,
  "report": {
    "0": {
      "precision": 0.3524384112619407,
      "recall": 1.0,
      "f1-score": 0.521189591078067,
      "support": 701.0
    },
    "1": {
      "precision": 0.0,
      "recall": 0.0,
      "f1-score": 0.0,
      "support": 578.0
    },
    "2": {
      "precision": 0.0,
      "recall": 0.0,
      "f1-score": 0.0,
      "support": 710.0
    },
    "accuracy": 0.3524384112619407,
    "macro avg": {
      "precision": 0.1174794704206469,
      "recall": 0.3333333333333333,
      "f1-score": 0.17372986369268897,
      "support": 1989.0
    },
    "weighted avg": {
      "precision": 0.12421283373284084,
      "recall": 0.3524384112619407,
      "f1-score": 0.18368723144581445,
      "support": 1989.0
    }
  },
  "confusion_matrix": [
    [
      701,
      0,
      0
    ],
    [
      578,
      0,
      0
    ],
    [
      710,
      0,
      0
    ]
  ]
}