{
  "accuracy": 0.3944007858546169,
  "report": {
    "0": {
      "precision": 0.3944007858546169,
      "recall": 1.0,
      "f1-score": 0.5656921451215217,
      "support": 803.0
    },
    "1": {
      "precision": 0.0,
      "recall": 0.0,
      "f1-score": 0.0,
      "support": 486.0
    },
    "2": {
      "precision": 0.0,
      "recall": 0.0,
      "f1-score": 0.0,
      "support": 747.0
    },
    "accuracy": 0.3944007858546169,
    "macro avg": {
      "precision": 0.13146692861820564,
      "recall": 0.3333333333333333,
      "f1-score": 0.18856404837384055,
      "support": 2036.0
    },
    "weighted avg": {
      "precision": 0.1555519798827394,
      "recall": 0.3944007858546169,
      "f1-score": 0.22310942658771213,
      "support": 2036.0
    }
  },
  "confusion_matrix": [
    [
      803,
      0,
      0
    ],
    [
      486,
      0,
      0
    ],
    [
      747,
      0,
      0
    ]
  ]
}