{
  "accuracy": 0.3169546436285097,
  "report": {
    "0": {
      "precision": 0.3169546436285097,
      "recall": 1.0,
      "f1-score": 0.48134481344813446,
      "support": 587.0
    },
    "1": {
      "precision": 0.0,
      "recall": 0.0,
      "f1-score": 0.0,
      "support": 543.0
    },
    "2": {
      "precision": 0.0,
      "recall": 0.0,
      "f1-score": 0.0,
      "support": 722.0
    },
    "accuracy": 0.3169546436285097,
    "macro avg": {
      "precision": 0.10565154787616991,
      "recall": 0.3333333333333333,
      "f1-score": 0.16044827114937815,
      "support": 1852.0
    },
    "weighted avg": {
      "precision": 0.1004602461176756,
      "recall": 0.3169546436285097,
      "f1-score": 0.15256447380888497,
      "support": 1852.0
    }
  },
  "confusion_matrix": [
    [
      587,
      0,
      0
    ],
    [
      543,
      0,
      0
    ],
    [
      722,
      0,
      0
    ]
  ]
}