{
  "accuracy": 0.3349826818406729,
  "report": {
    "0": {
      "precision": 0.3349826818406729,
      "recall": 1.0,
      "f1-score": 0.5018532246108228,
      "support": 677.0
    },
    "1": {
      "precision": 0.0,
      "recall": 0.0,
      "f1-score": 0.0,
      "support": 648.0
    },
    "2": {
      "precision": 0.0,
      "recall": 0.0,
      "f1-score": 0.0,
      "support": 696.0
    },
    "accuracy": 0.3349826818406729,
    "macro avg": {
      "precision": 0.11166089394689098,
      "recall": 0.3333333333333333,
      "f1-score": 0.1672844082036076,
      "support": 2021.0
    },
    "weighted avg": {
      "precision": 0.1122133971331695,
      "recall": 0.3349826818406729,
      "f1-score": 0.16811213907052303,
      "support": 2021.0
    }
  },
  "confusion_matrix": [
    [
      677,
      0,
      0
    ],
    [
      648,
      0,
      0
    ],
    [
      696,
      0,
      0
    ]
  ]
}