{
  "accuracy": 0.38579545454545455,
  "report": {
    "0": {
      "precision": 0.38579545454545455,
      "recall": 1.0,
      "f1-score": 0.5567855678556786,
      "support": 679.0
    },
    "1": {
      "precision": 0.0,
      "recall": 0.0,
      "f1-score": 0.0,
      "support": 432.0
    },
    "2": {
      "precision": 0.0,
      "recall": 0.0,
      "f1-score": 0.0,
      "support": 649.0
    },
    "accuracy": 0.38579545454545455,
    "macro avg": {
      "precision": 0.12859848484848485,
      "recall": 0.3333333333333333,
      "f1-score": 0.1855951892852262,
      "support": 1760.0
    },
    "weighted avg": {
      "precision": 0.1488381327479339,
      "recall": 0.38579545454545455,
      "f1-score": 0.2148053412352305,
      "support": 1760.0
    }
  },
  "confusion_matrix": [
    [
      679,
      0,
      0
    ],
    [
      432,
      0,
      0
    ],
    [
      649,
      0,
      0
    ]
  ]
}