{
  "accuracy": 0.30893536121673004,
  "report": {
    "0": {
      "precision": 0.30893536121673004,
      "recall": 1.0,
      "f1-score": 0.4720406681190995,
      "support": 650.0
    },
    "1": {
      "precision": 0.0,
      "recall": 0.0,
      "f1-score": 0.0,
      "support": 604.0
    },
    "2": {
      "precision": 0.0,
      "recall": 0.0,
      "f1-score": 0.0,
      "support": 850.0
    },
    "accuracy": 0.30893536121673004,
    "macro avg": {
      "precision": 0.10297845373891001,
      "recall": 0.3333333333333333,
      "f1-score": 0.15734688937303318,
      "support": 2104.0
    },
    "weighted avg": {
      "precision": 0.09544105741011145,
      "recall": 0.30893536121673004,
      "f1-score": 0.1458300543143606,
      "support": 2104.0
    }
  },
  "confusion_matrix": [
    [
      650,
      0,
      0
    ],
    [
      604,
      0,
      0
    ],
    [
      850,
      0,
      0
    ]
  ]
}