{
  "accuracy": 0.32918610679108345,
  "report": {
    "0": {
      "precision": 0.32918610679108345,
      "recall": 1.0,
      "f1-score": 0.4953198127925117,
      "support": 635.0
    },
    "1": {
      "precision": 0.0,
      "recall": 0.0,
      "f1-score": 0.0,
      "support": 561.0
    },
    "2": {
      "precision": 0.0,
      "recall": 0.0,
      "f1-score": 0.0,
      "support": 733.0
    },
    "accuracy": 0.32918610679108345,
    "macro avg": {
      "precision": 0.10972870226369448,
      "recall": 0.3333333333333333,
      "f1-score": 0.16510660426417056,
      "support": 1929.0
    },
    "weighted avg": {
      "precision": 0.1083634929042706,
      "recall": 0.32918610679108345,
      "f1-score": 0.16305240078965522,
      "support": 1929.0
    }
  },
  "confusion_matrix": [
    [
      635,
      0,
      0
    ],
    [
      561,
      0,
      0
    ],
    [
      733,
      0,
      0
    ]
  ]
}