{
  "accuracy": 0.3622084721561161,
  "report": {
    "0": {
      "precision": 0.3622084721561161,
      "recall": 1.0,
      "f1-score": 0.5317959468902865,
      "support": 761.0
    },
    "1": {
      "precision": 0.0,
      "recall": 0.0,
      "f1-score": 0.0,
      "support": 602.0
    },
    "2": {
      "precision": 0.0,
      "recall": 0.0,
      "f1-score": 0.0,
      "support": 738.0
    },
    "accuracy": 0.3622084721561161,
    "macro avg": {
      "precision": 0.12073615738537204,
      "recall": 0.3333333333333333,
      "f1-score": 0.1772653156300955,
      "support": 2101.0
    },
    "weighted avg": {
      "precision": 0.13119497730166796,
      "recall": 0.3622084721561161,
      "f1-score": 0.19262099742194574,
      "support": 2101.0
    }
  },
  "confusion_matrix": [
    [
      761,
      0,
      0
    ],
    [
      602,
      0,
      0
    ],
    [
      738,
      0,
      0
    ]
  ]
}