{
  "accuracy": 0.31492027334851935,
  "report": {
    "0": {
      "precision": 0.31492027334851935,
      "recall": 1.0,
      "f1-score": 0.47899523603291466,
      "support": 553.0
    },
    "1": {
      "precision": 0.0,
      "recall": 0.0,
      "f1-score": 0.0,
      "support": 541.0
    },
    "2": {
      "precision": 0.0,
      "recall": 0.0,
      "f1-score": 0.0,
      "support": 662.0
    },
    "accuracy": 0.31492027334851935,
    "macro avg": {
      "precision": 0.10497342444950646,
      "recall": 0.3333333333333333,
      "f1-score": 0.1596650786776382,
      "support": 1756.0
    },
    "weighted avg": {
      "precision": 0.09917477856590616,
      "recall": 0.31492027334851935,
      "f1-score": 0.15084531066412404,
      "support": 1756.0
    }
  },
  "confusion_matrix": [
    [
      553,
      0,
      0
    ],
    [
      541,
      0,
      0
    ],
    [
      662,
      0,
      0
    ]
  ]
}