{
  "accuracy": 0.41415249588590236,
  "report": {
    "0": {
      "precision": 0.41415249588590236,
      "recall": 1.0,
      "f1-score": 0.5857253685027153,
      "support": 755.0
    },
    "1": {
      "precision": 0.0,
      "recall": 0.0,
      "f1-score": 0.0,
      "support": 386.0
    },
    "2": {
      "precision": 0.0,
      "recall": 0.0,
      "f1-score": 0.0,
      "support": 682.0
    },
    "accuracy": 0.41415249588590236,
    "macro avg": {
      "precision": 0.13805083196196746,
      "recall": 0.3333333333333333,
      "f1-score": 0.1952417895009051,
      "support": 1823.0
    },
    "weighted avg": {
      "precision": 0.17152228984852239,
      "recall": 0.41415249588590236,
      "f1-score": 0.2425796232690894,
      "support": 1823.0
    }
  },
  "confusion_matrix": [
    [
      755,
      0,
      0
    ],
    [
      386,
      0,
      0
    ],
    [
      682,
      0,
      0
    ]
  ]
}