{
  "accuracy": 0.3407608695652174,
  "report": {
    "0": {
      "precision": 0.3407608695652174,
      "recall": 1.0,
      "f1-score": 0.5083096878800162,
      "support": 627.0
    },
    "1": {
      "precision": 0.0,
      "recall": 0.0,
      "f1-score": 0.0,
      "support": 533.0
    },
    "2": {
      "precision": 0.0,
      "recall": 0.0,
      "f1-score": 0.0,
      "support": 680.0
    },
    "accuracy": 0.3407608695652174,
    "macro avg": {
      "precision": 0.11358695652173913,
      "recall": 0.3333333333333333,
      "f1-score": 0.16943656262667206,
      "support": 1840.0
    },
    "weighted avg": {
      "precision": 0.1161179702268431,
      "recall": 0.3407608695652174,
      "f1-score": 0.17321205125041855,
      "support": 1840.0
    }
  },
  "confusion_matrix": [
    [
      627,
      0,
      0
    ],
    [
      533,
      0,
      0
    ],
    [
      680,
      0,
      0
    ]
  ]
}