{
  "accuracy": 0.3206314643440392,
  "report": {
    "0": {
      "precision": 0.3206314643440392,
      "recall": 1.0,
      "f1-score": 0.48557295960428687,
      "support": 589.0
    },
    "1": {
      "precision": 0.0,
      "recall": 0.0,
      "f1-score": 0.0,
      "support": 786.0
    },
    "2": {
      "precision": 0.0,
      "recall": 0.0,
      "f1-score": 0.0,
      "support": 462.0
    },
    "accuracy": 0.3206314643440392,
    "macro avg": {
      "precision": 0.1068771547813464,
      "recall": 0.3333333333333333,
      "f1-score": 0.16185765320142895,
      "support": 1837.0
    },
    "weighted avg": {
      "precision": 0.10280453592740288,
      "recall": 0.3206314643440392,
      "f1-score": 0.15568996908379149,
      "support": 1837.0
    }
  },
  "confusion_matrix": [
    [
      589,
      0,
      0
    ],
    [
      786,
      0,
      0
    ],
    [
      462,
      0,
      0
    ]
  ]
}