{
  "accuracy": 0.3657314629258517,
  "report": {
    "0": {
      "precision": 0.3657314629258517,
      "recall": 1.0,
      "f1-score": 0.5355832721936904,
      "support": 730.0
    },
    "1": {
      "precision": 0.0,
      "recall": 0.0,
      "f1-score": 0.0,
      "support": 587.0
    },
    "2": {
      "precision": 0.0,
      "recall": 0.0,
      "f1-score": 0.0,
      "support": 679.0
    },
    "accuracy": 0.3657314629258517,
    "macro avg": {
      "precision": 0.12191048764195056,
      "recall": 0.3333333333333333,
      "f1-score": 0.1785277573978968,
      "support": 1996.0
    },
    "weighted avg": {
      "precision": 0.13375950297388361,
      "recall": 0.3657314629258517,
      "f1-score": 0.19587965365801302,
      "support": 1996.0
    }
  },
  "confusion_matrix": [
    [
      730,
      0,
      0
    ],
    [
      587,
      0,
      0
    ],
    [
      679,
      0,
      0
    ]
  ]
}