{
  "accuracy": 0.3677844969763606,
  "report": {
    "0": {
      "precision": 0.3677844969763606,
      "recall": 1.0,
      "f1-score": 0.5377813504823151,
      "support": 669.0
    },
    "1": {
      "precision": 0.0,
      "recall": 0.0,
      "f1-score": 0.0,
      "support": 432.0
    },
    "2": {
      "precision": 0.0,
      "recall": 0.0,
      "f1-score": 0.0,
      "support": 718.0
    },
    "accuracy": 0.3677844969763606,
    "macro avg": {
      "precision": 0.12259483232545354,
      "recall": 0.3333333333333333,
      "f1-score": 0.17926045016077172,
      "support": 1819.0
    },
    "weighted avg": {
      "precision": 0.1352654362161546,
      "recall": 0.3677844969763606,
      "f1-score": 0.19778764347040617,
      "support": 1819.0
    }
  },
  "confusion_matrix": [
    [
      669,
      0,
      0
    ],
    [
      432,
      0,
      0
    ],
    [
      718,
      0,
      0
    ]
  ]
}