{
  "accuracy": 0.3396328293736501,
  "report": {
    "0": {
      "precision": 0.3396328293736501,
      "recall": 1.0,
      "f1-score": 0.5070536074163644,
      "support": 629.0
    },
    "1": {
      "precision": 0.0,
      "recall": 0.0,
      "f1-score": 0.0,
      "support": 532.0
    },
    "2": {
      "precision": 0.0,
      "recall": 0.0,
      "f1-score": 0.0,
      "support": 691.0
    },
    "accuracy": 0.3396328293736501,
    "macro avg": {
      "precision": 0.11321094312455003,
      "recall": 0.3333333333333333,
      "f1-score": 0.16901786913878813,
      "support": 1852.0
    },
    "weighted avg": {
      "precision": 0.11535045878835093,
      "recall": 0.3396328293736501,
      "f1-score": 0.17221205133093587,
      "support": 1852.0
    }
  },
  "confusion_matrix": [
    [
      629,
      0,
      0
    ],
    [
      532,
      0,
      0
    ],
    [
      691,
      0,
      0
    ]
  ]
}