{
  "accuracy": 0.373428102788409,
  "report": {
    "0": {
      "precision": 0.373428102788409,
      "recall": 1.0,
      "f1-score": 0.5437898089171974,
      "support": 683.0
    },
    "1": {
      "precision": 0.0,
      "recall": 0.0,
      "f1-score": 0.0,
      "support": 546.0
    },
    "2": {
      "precision": 0.0,
      "recall": 0.0,
      "f1-score": 0.0,
      "support": 600.0
    },
    "accuracy": 0.373428102788409,
    "macro avg": {
      "precision": 0.124476034262803,
      "recall": 0.3333333333333333,
      "f1-score": 0.1812632696390658,
      "support": 1829.0
    },
    "weighted avg": {
      "precision": 0.13944854795215053,
      "recall": 0.373428102788409,
      "f1-score": 0.20306639665962048,
      "support": 1829.0
    }
  },
  "confusion_matrix": [
    [
      683,
      0,
      0
    ],
    [
      546,
      0,
      0
    ],
    [
      600,
      0,
      0
    ]
  ]
}