{
  "accuracy": 0.40217391304347827,
  "report": {
    "0": {
      "precision": 0.40217391304347827,
      "recall": 1.0,
      "f1-score": 0.5736434108527132,
      "support": 851.0
    },
    "1": {
      "precision": 0.0,
      "recall": 0.0,
      "f1-score": 0.0,
      "support": 559.0
    },
    "2": {
      "precision": 0.0,
      "recall": 0.0,
      "f1-score": 0.0,
      "support": 706.0
    },
    "accuracy": 0.40217391304347827,
    "macro avg": {
      "precision": 0.13405797101449277,
      "recall": 0.3333333333333333,
      "f1-score": 0.19121447028423774,
      "support": 2116.0
    },
    "weighted avg": {
      "precision": 0.16174385633270322,
      "recall": 0.40217391304347827,
      "f1-score": 0.23070441523424334,
      "support": 2116.0
    }
  },
  "confusion_matrix": [
    [
      851,
      0,
      0
    ],
    [
      559,
      0,
      0
    ],
    [
      706,
      0,
      0
    ]
  ]
}