{
  "accuracy": 0.34651977966950426,
  "report": {
    "0": {
      "precision": 0.34651977966950426,
      "recall": 1.0,
      "f1-score": 0.5146894756415025,
      "support": 692.0
    },
    "1": {
      "precision": 0.0,
      "recall": 0.0,
      "f1-score": 0.0,
      "support": 522.0
    },
    "2": {
      "precision": 0.0,
      "recall": 0.0,
      "f1-score": 0.0,
      "support": 783.0
    },
    "accuracy": 0.34651977966950426,
    "macro avg": {
      "precision": 0.11550659322316809,
      "recall": 0.3333333333333333,
      "f1-score": 0.1715631585471675,
      "support": 1997.0
    },
    "weighted avg": {
      "precision": 0.12007595770220178,
      "recall": 0.34651977966950426,
      "f1-score": 0.1783500836975061,
      "support": 1997.0
    }
  },
  "confusion_matrix": [
    [
      692,
      0,
      0
    ],
    [
      522,
      0,
      0
    ],
    [
      783,
      0,
      0
    ]
  ]
}