{
  "accuracy": 0.375455018200728,
  "report": {
    "0": {
      "precision": 0.375455018200728,
      "recall": 1.0,
      "f1-score": 0.5459357277882798,
      "support": 722.0
    },
    "1": {
      "precision": 0.0,
      "recall": 0.0,
      "f1-score": 0.0,
      "support": 439.0
    },
    "2": {
      "precision": 0.0,
      "recall": 0.0,
      "f1-score": 0.0,
      "support": 762.0
    },
    "accuracy": 0.375455018200728,
    "macro avg": {
      "precision": 0.125151672733576,
      "recall": 0.3333333333333333,
      "f1-score": 0.1819785759294266,
      "support": 1923.0
    },
    "weighted avg": {
      "precision": 0.14096647069210902,
      "recall": 0.375455018200728,
      "f1-score": 0.20497430861317628,
      "support": 1923.0
    }
  },
  "confusion_matrix": [
    [
      722,
      0,
      0
    ],
    [
      439,
      0,
      0
    ],
    [
      762,
      0,
      0
    ]
  ]
}