{
  "accuracy": 0.34170305676855894,
  "report": {
    "0": {
      "precision": 0.34170305676855894,
      "recall": 1.0,
      "f1-score": 0.5093572009764036,
      "support": 626.0
    },
    "1": {
      "precision": 0.0,
      "recall": 0.0,
      "f1-score": 0.0,
      "support": 514.0
    },
    "2": {
      "precision": 0.0,
      "recall": 0.0,
      "f1-score": 0.0,
      "support": 692.0
    },
    "accuracy": 0.34170305676855894,
    "macro avg": {
      "precision": 0.11390101892285298,
      "recall": 0.3333333333333333,
      "f1-score": 0.1697857336588012,
      "support": 1832.0
    },
    "weighted avg": {
      "precision": 0.11676097900497702,
      "recall": 0.34170305676855894,
      "f1-score": 0.17404891256071434,
      "support": 1832.0
    }
  },
  "confusion_matrix": [
    [
      626,
      0,
      0
    ],
    [
      514,
      0,
      0
    ],
    [
      692,
      0,
      0
    ]
  ]
}