{
  "accuracy": 0.39909864797195793,
  "report": {
    "0": {
      "precision": 0.39909864797195793,
      "recall": 1.0,
      "f1-score": 0.5705082319255548,
      "support": 797.0
    },
    "1": {
      "precision": 0.0,
      "recall": 0.0,
      "f1-score": 0.0,
      "support": 557.0
    },
    "2": {
      "precision": 0.0,
      "recall": 0.0,
      "f1-score": 0.0,
      "support": 643.0
    },
    "accuracy": 0.39909864797195793,
    "macro avg": {
      "precision": 0.1330328826573193,
      "recall": 0.3333333333333333,
      "f1-score": 0.19016941064185158,
      "support": 1997.0
    },
    "weighted avg": {
      "precision": 0.1592797308130448,
      "recall": 0.39909864797195793,
      "f1-score": 0.22768906401836114,
      "support": 1997.0
    }
  },
  "confusion_matrix": [
    [
      797,
      0,
      0
    ],
    [
      557,
      0,
      0
    ],
    [
      643,
      0,
      0
    ]
  ]
}