{
  "accuracy": 0.39031620553359686,
  "report": {
    "0": {
      "precision": 0.39031620553359686,
      "recall": 1.0,
      "f1-score": 0.5614783226723525,
      "support": 790.0
    },
    "1": {
      "precision": 0.0,
      "recall": 0.0,
      "f1-score": 0.0,
      "support": 396.0
    },
    "2": {
      "precision": 0.0,
      "recall": 0.0,
      "f1-score": 0.0,
      "support": 838.0
    },
    "accuracy": 0.39031620553359686,
    "macro avg": {
      "precision": 0.1301054018445323,
      "recall": 0.3333333333333333,
      "f1-score": 0.18715944089078418,
      "support": 2024.0
    },
    "weighted avg": {
      "precision": 0.152346740302145,
      "recall": 0.39031620553359686,
      "f1-score": 0.21915408839484116,
      "support": 2024.0
    }
  },
  "confusion_matrix": [
    [
      790,
      0,
      0
    ],
    [
      396,
      0,
      0
    ],
    [
      838,
      0,
      0
    ]
  ]
}