{
  "accuracy": 0.34068241469816274,
  "report": {
    "0": {
      "precision": 0.34068241469816274,
      "recall": 1.0,
      "f1-score": 0.5082223962411903,
      "support": 649.0
    },
    "1": {
      "precision": 0.0,
      "recall": 0.0,
      "f1-score": 0.0,
      "support": 666.0
    },
    "2": {
      "precision": 0.0,
      "recall": 0.0,
      "f1-score": 0.0,
      "support": 590.0
    },
    "accuracy": 0.34068241469816274,
    "macro avg": {
      "precision": 0.11356080489938758,
      "recall": 0.3333333333333333,
      "f1-score": 0.16940746541373009,
      "support": 1905.0
    },
    "weighted avg": {
      "precision": 0.11606450768457093,
      "recall": 0.34068241469816274,
      "f1-score": 0.17314243315513517,
      "support": 1905.0
    }
  },
  "confusion_matrix": [
    [
      649,
      0,
      0
    ],
    [
      666,
      0,
      0
    ],
    [
      590,
      0,
      0
    ]
  ]
}