{
  "accuracy": 0.39378238341968913,
  "report": {
    "0": {
      "precision": 0.39378238341968913,
      "recall": 1.0,
      "f1-score": 0.5650557620817844,
      "support": 760.0
    },
    "1": {
      "precision": 0.0,
      "recall": 0.0,
      "f1-score": 0.0,
      "support": 485.0
    },
    "2": {
      "precision": 0.0,
      "recall": 0.0,
      "f1-score": 0.0,
      "support": 685.0
    },
    "accuracy": 0.39378238341968913,
    "macro avg": {
      "precision": 0.13126079447322972,
      "recall": 0.3333333333333333,
      "f1-score": 0.18835192069392814,
      "support": 1930.0
    },
    "weighted avg": {
      "precision": 0.15506456549169104,
      "recall": 0.39378238341968913,
      "f1-score": 0.22250900475759386,
      "support": 1930.0
    }
  },
  "confusion_matrix": [
    [
      760,
      0,
      0
    ],
    [
      485,
      0,
      0
    ],
    [
      685,
      0,
      0
    ]
  ]
}