{
  "accuracy": 0.31012345679012343,
  "report": {
    "0": {
      "precision": 0.31012345679012343,
      "recall": 1.0,
      "f1-score": 0.47342630983791933,
      "support": 628.0
    },
    "1": {
      "precision": 0.0,
      "recall": 0.0,
      "f1-score": 0.0,
      "support": 731.0
    },
    "2": {
      "precision": 0.0,
      "recall": 0.0,
      "f1-score": 0.0,
      "support": 666.0
    },
    "accuracy": 0.31012345679012343,
    "macro avg": {
      "precision": 0.10337448559670781,
      "recall": 0.3333333333333333,
      "f1-score": 0.15780876994597312,
      "support": 2025.0
    },
    "weighted avg": {
      "precision": 0.09617655845145556,
      "recall": 0.31012345679012343,
      "f1-score": 0.14682060374232758,
      "support": 2025.0
    }
  },
  "confusion_matrix": [
    [
      628,
      0,
      0
    ],
    [
      731,
      0,
      0
    ],
    [
      666,
      0,
      0
    ]
  ]
}