{
  "accuracy": 0.4005708848715509,
  "report": {
    "0": {
      "precision": 0.4005708848715509,
      "recall": 1.0,
      "f1-score": 0.5720108695652174,
      "support": 842.0
    },
    "1": {
      "precision": 0.0,
      "recall": 0.0,
      "f1-score": 0.0,
      "support": 526.0
    },
    "2": {
      "precision": 0.0,
      "recall": 0.0,
      "f1-score": 0.0,
      "support": 734.0
    },
    "accuracy": 0.4005708848715509,
    "macro avg": {
      "precision": 0.13352362829051698,
      "recall": 0.3333333333333333,
      "f1-score": 0.19067028985507248,
      "support": 2102.0
    },
    "weighted avg": {
      "precision": 0.16045703380677728,
      "recall": 0.4005708848715509,
      "f1-score": 0.22913090017788443,
      "support": 2102.0
    }
  },
  "confusion_matrix": [
    [
      842,
      0,
      0
    ],
    [
      526,
      0,
      0
    ],
    [
      734,
      0,
      0
    ]
  ]
}