{
  "accuracy": 0.32867494824016563,
  "report": {
    "0": {
      "precision": 0.32867494824016563,
      "recall": 1.0,
      "f1-score": 0.49474094273470975,
      "support": 635.0
    },
    "1": {
      "precision": 0.0,
      "recall": 0.0,
      "f1-score": 0.0,
      "support": 471.0
    },
    "2": {
      "precision": 0.0,
      "recall": 0.0,
      "f1-score": 0.0,
      "support": 826.0
    },
    "accuracy": 0.32867494824016563,
    "macro avg": {
      "precision": 0.10955831608005522,
      "recall": 0.3333333333333333,
      "f1-score": 0.1649136475782366,
      "support": 1932.0
    },
    "weighted avg": {
      "precision": 0.10802722160067556,
      "recall": 0.32867494824016563,
      "f1-score": 0.16260895374562148,
      "support": 1932.0
    }
  },
  "confusion_matrix": [
    [
      635,
      0,
      0
    ],
    [
      471,
      0,
      0
    ],
    [
      826,
      0,
      0
    ]
  ]
}