{
  "accuracy": 0.39087093389296956,
  "report": {
    "0": {
      "precision": 0.39087093389296956,
      "recall": 1.0,
      "f1-score": 0.5620520558279894,
      "support": 745.0
    },
    "1": {
      "precision": 0.0,
      "recall": 0.0,
      "f1-score": 0.0,
      "support": 446.0
    },
    "2": {
      "precision": 0.0,
      "recall": 0.0,
      "f1-score": 0.0,
      "support": 715.0
    },
    "accuracy": 0.39087093389296956,
    "macro avg": {
      "precision": 0.13029031129765653,
      "recall": 0.3333333333333333,
      "f1-score": 0.1873506852759965,
      "support": 1906.0
    },
    "weighted avg": {
      "precision": 0.15278008696236217,
      "recall": 0.39087093389296956,
      "f1-score": 0.2196898119579497,
      "support": 1906.0
    }
  },
  "confusion_matrix": [
    [
      745,
      0,
      0
    ],
    [
      446,
      0,
      0
    ],
    [
      715,
      0,
      0
    ]
  ]
}