{
  "accuracy": 0.3458432304038005,
  "report": {
    "0": {
      "precision": 0.3458432304038005,
      "recall": 1.0,
      "f1-score": 0.5139428168019767,
      "support": 728.0
    },
    "1": {
      "precision": 0.0,
      "recall": 0.0,
      "f1-score": 0.0,
      "support": 605.0
    },
    "2": {
      "precision": 0.0,
      "recall": 0.0,
      "f1-score": 0.0,
      "support": 772.0
    },
    "accuracy": 0.3458432304038005,
    "macro avg": {
      "precision": 0.11528107680126683,
      "recall": 0.3333333333333333,
      "f1-score": 0.17131427226732557,
      "support": 2105.0
    },
    "weighted avg": {
      "precision": 0.11960754001613623,
      "recall": 0.3458432304038005,
      "f1-score": 0.17774364400562426,
      "support": 2105.0
    }
  },
  "confusion_matrix": [
    [
      728,
      0,
      0
    ],
    [
      605,
      0,
      0
    ],
    [
      772,
      0,
      0
    ]
  ]
}