{
  "accuracy": 0.37506259389083624,
  "report": {
    "0": {
      "precision": 0.37506259389083624,
      "recall": 1.0,
      "f1-score": 0.5455207574654042,
      "support": 749.0
    },
    "1": {
      "precision": 0.0,
      "recall": 0.0,
      "f1-score": 0.0,
      "support": 453.0
    },
    "2": {
      "precision": 0.0,
      "recall": 0.0,
      "f1-score": 0.0,
      "support": 795.0
    },
    "accuracy": 0.37506259389083624,
    "macro avg": {
      "precision": 0.12502086463027876,
      "recall": 0.3333333333333333,
      "f1-score": 0.18184025248846805,
      "support": 1997.0
    },
    "weighted avg": {
      "precision": 0.14067194933612234,
      "recall": 0.37506259389083624,
      "f1-score": 0.2046044303162683,
      "support": 1997.0
    }
  },
  "confusion_matrix": [
    [
      749,
      0,
      0
    ],
    [
      453,
      0,
      0
    ],
    [
      795,
      0,
      0
    ]
  ]
}