{
  "accuracy": 0.28756218905472636,
  "report": {
    "0": {
      "precision": 0.28756218905472636,
      "recall": 1.0,
      "f1-score": 0.446676970633694,
      "support": 578.0
    },
    "1": {
      "precision": 0.0,
      "recall": 0.0,
      "f1-score": 0.0,
      "support": 583.0
    },
    "2": {
      "precision": 0.0,
      "recall": 0.0,
      "f1-score": 0.0,
      "support": 849.0
    },
    "accuracy": 0.28756218905472636,
    "macro avg": {
      "precision": 0.09585406301824212,
      "recall": 0.3333333333333333,
      "f1-score": 0.14889232354456466,
      "support": 2010.0
    },
    "weighted avg": {
      "precision": 0.08269201257394619,
      "recall": 0.28756218905472636,
      "f1-score": 0.12844740747575875,
      "support": 2010.0
    }
  },
  "confusion_matrix": [
    [
      578,
      0,
      0
    ],
    [
      583,
      0,
      0
    ],
    [
      849,
      0,
      0
    ]
  ]
}