{
  "accuracy": 0.34223541048466866,
  "report": {
    "0": {
      "precision": 0.34223541048466866,
      "recall": 1.0,
      "f1-score": 0.5099484156226971,
      "support": 692.0
    },
    "1": {
      "precision": 0.0,
      "recall": 0.0,
      "f1-score": 0.0,
      "support": 523.0
    },
    "2": {
      "precision": 0.0,
      "recall": 0.0,
      "f1-score": 0.0,
      "support": 807.0
    },
    "accuracy": 0.34223541048466866,
    "macro avg": {
      "precision": 0.11407847016155621,
      "recall": 0.3333333333333333,
      "f1-score": 0.1699828052075657,
      "support": 2022.0
    },
    "weighted avg": {
      "precision": 0.11712507618960966,
      "recall": 0.34223541048466866,
      "f1-score": 0.17452240534664015,
      "support": 2022.0
    }
  },
  "confusion_matrix": [
    [
      692,
      0,
      0
    ],
    [
      523,
      0,
      0
    ],
    [
      807,
      0,
      0
    ]
  ]
}