{
  "accuracy": 0.3126304801670146,
  "report": {
    "0": {
      "precision": 0.3126304801670146,
      "recall": 1.0,
      "f1-score": 0.47634194831013915,
      "support": 599.0
    },
    "1": {
      "precision": 0.0,
      "recall": 0.0,
      "f1-score": 0.0,
      "support": 634.0
    },
    "2": {
      "precision": 0.0,
      "recall": 0.0,
      "f1-score": 0.0,
      "support": 683.0
    },
    "accuracy": 0.3126304801670146,
    "macro avg": {
      "precision": 0.10421016005567153,
      "recall": 0.3333333333333333,
      "f1-score": 0.15878064943671305,
      "support": 1916.0
    },
    "weighted avg": {
      "precision": 0.09773781712945813,
      "recall": 0.3126304801670146,
      "f1-score": 0.14891901202389005,
      "support": 1916.0
    }
  },
  "confusion_matrix": [
    [
      599,
      0,
      0
    ],
    [
      634,
      0,
      0
    ],
    [
      683,
      0,
      0
    ]
  ]
}