{
  "accuracy": 0.32828810020876825,
  "report": {
    "0": {
      "precision": 0.32828810020876825,
      "recall": 1.0,
      "f1-score": 0.4943025540275049,
      "support": 629.0
    },
    "1": {
      "precision": 0.0,
      "recall": 0.0,
      "f1-score": 0.0,
      "support": 612.0
    },
    "2": {
      "precision": 0.0,
      "recall": 0.0,
      "f1-score": 0.0,
      "support": 675.0
    },
    "accuracy": 0.32828810020876825,
    "macro avg": {
      "precision": 0.10942936673625608,
      "recall": 0.3333333333333333,
      "f1-score": 0.1647675180091683,
      "support": 1916.0
    },
    "weighted avg": {
      "precision": 0.10777307673868228,
      "recall": 0.32828810020876825,
      "f1-score": 0.1622736463900316,
      "support": 1916.0
    }
  },
  "confusion_matrix": [
    [
      629,
      0,
      0
    ],
    [
      612,
      0,
      0
    ],
    [
      675,
      0,
      0
    ]
  ]
}