{
  "accuracy": 0.3544238683127572,
  "report": {
    "0": {
      "precision": 0.3544238683127572,
      "recall": 1.0,
      "f1-score": 0.5233573870110141,
      "support": 689.0
    },
    "1": {
      "precision": 0.0,
      "recall": 0.0,
      "f1-score": 0.0,
      "support": 558.0
    },
    "2": {
      "precision": 0.0,
      "recall": 0.0,
      "f1-score": 0.0,
      "support": 697.0
    },
    "accuracy": 0.3544238683127572,
    "macro avg": {
      "precision": 0.11814128943758573,
      "recall": 0.3333333333333333,
      "f1-score": 0.1744524623370047,
      "support": 1944.0
    },
    "weighted avg": {
      "precision": 0.12561627842977865,
      "recall": 0.3544238683127572,
      "f1-score": 0.18549034961450037,
      "support": 1944.0
    }
  },
  "confusion_matrix": [
    [
      689,
      0,
      0
    ],
    [
      558,
      0,
      0
    ],
    [
      697,
      0,
      0
    ]
  ]
}