{
  "accuracy": 0.31899810964083175,
  "report": {
    "0": {
      "precision": 0.31899810964083175,
      "recall": 1.0,
      "f1-score": 0.4836975994267288,
      "support": 675.0
    },
    "1": {
      "precision": 0.0,
      "recall": 0.0,
      "f1-score": 0.0,
      "support": 714.0
    },
    "2": {
      "precision": 0.0,
      "recall": 0.0,
      "f1-score": 0.0,
      "support": 727.0
    },
    "accuracy": 0.31899810964083175,
    "macro avg": {
      "precision": 0.10633270321361059,
      "recall": 0.3333333333333333,
      "f1-score": 0.16123253314224292,
      "support": 2116.0
    },
    "weighted avg": {
      "precision": 0.10175979395442411,
      "recall": 0.31899810964083175,
      "f1-score": 0.15429861985493476,
      "support": 2116.0
    }
  },
  "confusion_matrix": [
    [
      675,
      0,
      0
    ],
    [
      714,
      0,
      0
    ],
    [
      727,
      0,
      0
    ]
  ]
}