{
  "accuracy": 0.3784722222222222,
  "report": {
    "0": {
      "precision": 0.3784722222222222,
      "recall": 1.0,
      "f1-score": 0.5491183879093199,
      "support": 763.0
    },
    "1": {
      "precision": 0.0,
      "recall": 0.0,
      "f1-score": 0.0,
      "support": 458.0
    },
    "2": {
      "precision": 0.0,
      "recall": 0.0,
      "f1-score": 0.0,
      "support": 795.0
    },
    "accuracy": 0.3784722222222222,
    "macro avg": {
      "precision": 0.1261574074074074,
      "recall": 0.3333333333333333,
      "f1-score": 0.18303946263643997,
      "support": 2016.0
    },
    "weighted avg": {
      "precision": 0.14324122299382716,
      "recall": 0.3784722222222222,
      "f1-score": 0.20782605653512454,
      "support": 2016.0
    }
  },
  "confusion_matrix": [
    [
      763,
      0,
      0
    ],
    [
      458,
      0,
      0
    ],
    [
      795,
      0,
      0
    ]
  ]
}