{
  "accuracy": 0.31667491340920334,
  "report": {
    "0": {
      "precision": 0.31667491340920334,
      "recall": 1.0,
      "f1-score": 0.48102217211574594,
      "support": 640.0
    },
    "1": {
      "precision": 0.0,
      "recall": 0.0,
      "f1-score": 0.0,
      "support": 581.0
    },
    "2": {
      "precision": 0.0,
      "recall": 0.0,
      "f1-score": 0.0,
      "support": 800.0
    },
    "accuracy": 0.31667491340920334,
    "macro avg": {
      "precision": 0.10555830446973445,
      "recall": 0.3333333333333333,
      "f1-score": 0.160340724038582,
      "support": 2021.0
    },
    "weighted avg": {
      "precision": 0.10028300078272644,
      "recall": 0.31667491340920334,
      "f1-score": 0.15232765470266077,
      "support": 2021.0
    }
  },
  "confusion_matrix": [
    [
      640,
      0,
      0
    ],
    [
      581,
      0,
      0
    ],
    [
      800,
      0,
      0
    ]
  ]
}