{
  "accuracy": 0.3336506425511661,
  "report": {
    "0": {
      "precision": 0.3336506425511661,
      "recall": 1.0,
      "f1-score": 0.5003568879371877,
      "support": 701.0
    },
    "1": {
      "precision": 0.0,
      "recall": 0.0,
      "f1-score": 0.0,
      "support": 558.0
    },
    "2": {
      "precision": 0.0,
      "recall": 0.0,
      "f1-score": 0.0,
      "support": 842.0
    },
    "accuracy": 0.3336506425511661,
    "macro avg": {
      "precision": 0.11121688085038871,
      "recall": 0.3333333333333333,
      "f1-score": 0.1667856293123959,
      "support": 2101.0
    },
    "weighted avg": {
      "precision": 0.11132275127480602,
      "recall": 0.3336506425511661,
      "f1-score": 0.1669443971651445,
      "support": 2101.0
    }
  },
  "confusion_matrix": [
    [
      701,
      0,
      0
    ],
    [
      558,
      0,
      0
    ],
    [
      842,
      0,
      0
    ]
  ]
}