{
  "accuracy": 0.2737642585551331,
  "report": {
    "0": {
      "precision": 0.2737642585551331,
      "recall": 1.0,
      "f1-score": 0.4298507462686567,
      "support": 576.0
    },
    "1": {
      "precision": 0.0,
      "recall": 0.0,
      "f1-score": 0.0,
      "support": 923.0
    },
    "2": {
      "precision": 0.0,
      "recall": 0.0,
      "f1-score": 0.0,
      "support": 605.0
    },
    "accuracy": 0.2737642585551331,
    "macro avg": {
      "precision": 0.09125475285171103,
      "recall": 0.3333333333333333,
      "f1-score": 0.14328358208955225,
      "support": 2104.0
    },
    "weighted avg": {
      "precision": 0.07494686926224176,
      "recall": 0.2737642585551331,
      "f1-score": 0.11767777084160944,
      "support": 2104.0
    }
  },
  "confusion_matrix": [
    [
      576,
      0,
      0
    ],
    [
      923,
      0,
      0
    ],
    [
      605,
      0,
      0
    ]
  ]
}