{
  "accuracy": 0.41366223908918404,
  "report": {
    "0": {
      "precision": 0.41366223908918404,
      "recall": 1.0,
      "f1-score": 0.5852348993288591,
      "support": 872.0
    },
    "1": {
      "precision": 0.0,
      "recall": 0.0,
      "f1-score": 0.0,
      "support": 397.0
    },
    "2": {
      "precision": 0.0,
      "recall": 0.0,
      "f1-score": 0.0,
      "support": 839.0
    },
    "accuracy": 0.41366223908918404,
    "macro avg": {
      "precision": 0.137887413029728,
      "recall": 0.3333333333333333,
      "f1-score": 0.19507829977628635,
      "support": 2108.0
    },
    "weighted avg": {
      "precision": 0.17111644804827728,
      "recall": 0.41366223908918404,
      "f1-score": 0.24208957884950907,
      "support": 2108.0
    }
  },
  "confusion_matrix": [
    [
      872,
      0,
      0
    ],
    [
      397,
      0,
      0
    ],
    [
      839,
      0,
      0
    ]
  ]
}