{
  "accuracy": 0.37796442687747034,
  "report": {
    "0": {
      "precision": 0.37796442687747034,
      "recall": 1.0,
      "f1-score": 0.5485837217640731,
      "support": 765.0
    },
    "1": {
      "precision": 0.0,
      "recall": 0.0,
      "f1-score": 0.0,
      "support": 565.0
    },
    "2": {
      "precision": 0.0,
      "recall": 0.0,
      "f1-score": 0.0,
      "support": 694.0
    },
    "accuracy": 0.37796442687747034,
    "macro avg": {
      "precision": 0.1259881422924901,
      "recall": 0.3333333333333333,
      "f1-score": 0.18286124058802436,
      "support": 2024.0
    },
    "weighted avg": {
      "precision": 0.14285710798481463,
      "recall": 0.37796442687747034,
      "f1-score": 0.20734513199086754,
      "support": 2024.0
    }
  },
  "confusion_matrix": [
    [
      765,
      0,
      0
    ],
    [
      565,
      0,
      0
    ],
    [
      694,
      0,
      0
    ]
  ]
}