{
  "accuracy": 0.279665446941976,
  "report": {
    "0": {
      "precision": 0.279665446941976,
      "recall": 1.0,
      "f1-score": 0.43709150326797386,
      "support": 535.0
    },
    "1": {
      "precision": 0.0,
      "recall": 0.0,
      "f1-score": 0.0,
      "support": 761.0
    },
    "2": {
      "precision": 0.0,
      "recall": 0.0,
      "f1-score": 0.0,
      "support": 617.0
    },
    "accuracy": 0.279665446941976,
    "macro avg": {
      "precision": 0.09322181564732533,
      "recall": 0.3333333333333333,
      "f1-score": 0.14569716775599129,
      "support": 1913.0
    },
    "weighted avg": {
      "precision": 0.07821276221325518,
      "recall": 0.279665446941976,
      "f1-score": 0.12223939061597805,
      "support": 1913.0
    }
  },
  "confusion_matrix": [
    [
      535,
      0,
      0
    ],
    [
      761,
      0,
      0
    ],
    [
      617,
      0,
      0
    ]
  ]
}