{
  "accuracy": 0.32643794147325933,
  "report": {
    "0": {
      "precision": 0.32643794147325933,
      "recall": 1.0,
      "f1-score": 0.49220235831114495,
      "support": 647.0
    },
    "1": {
      "precision": 0.0,
      "recall": 0.0,
      "f1-score": 0.0,
      "support": 683.0
    },
    "2": {
      "precision": 0.0,
      "recall": 0.0,
      "f1-score": 0.0,
      "support": 652.0
    },
    "accuracy": 0.32643794147325933,
    "macro avg": {
      "precision": 0.10881264715775311,
      "recall": 0.3333333333333333,
      "f1-score": 0.16406745277038165,
      "support": 1982.0
    },
    "weighted avg": {
      "precision": 0.10656172963329909,
      "recall": 0.32643794147325933,
      "f1-score": 0.16067352463537374,
      "support": 1982.0
    }
  },
  "confusion_matrix": [
    [
      647,
      0,
      0
    ],
    [
      683,
      0,
      0
    ],
    [
      652,
      0,
      0
    ]
  ]
}